,User ID,Device,Duration
0,4c731e48-0377-4d7d-b4c8-b2174b774ed8,Microsoft,11
1,95258c36-5b6b-4591-85ee-0c43f503c1d5,Apple,51
2,a8229d24-f219-4930-a382-24049a8f73bb,HTC,25
3,8f41c07f-db4f-44f3-ae81-1f99cee047eb,Motorola,68
4,3af8d78b-55c4-4ac0-8161-7cc3f6ec11c9,Huawei,57
5,2bd9c167-e06c-47c1-a978-3403d6724606,Apple,90
6,7dd7dec0-5758-4a6e-a7dd-27a20e57c757,Apple,40
7,f62c96d8-5b1e-45c6-8a65-b36a9387827d,Microsoft,6
8,22056f9e-4654-44e9-930d-2fabdeb80f95,Huawei,58
9,30a7de62-d6a1-47d6-963f-0724adf18c4b,Huawei,12
10,c7b6e374-1bef-48c3-8222-cc231dbd5cce,Huawei,21
11,eff1e86a-8ede-4a41-818b-9442e3181ee3,Samsung,8
12,346174b1-4661-4cdd-8c47-66dbd013cd56,Microsoft,56
13,0f1f6aef-b094-4b4d-b6b6-412ebc42c12b,Google,18
14,0828c4e1-63ec-4121-aa07-eefd37954bb9,HTC,81
15,8665a934-dc22-482b-9289-2e2c9d6a4095,Apple,24
16,d4dc38d4-5c80-428f-95da-b746a275531c,Microsoft,8
17,5ff89fb3-b364-494f-b62d-07097b2ffa12,Google,84
18,bbef3be1-172e-44bb-be3b-013140707ecf,Apple,72
19,fb4654ff-ce23-4a77-b52a-50f8948b5664,Huawei,12
20,77908afa-eff6-49a9-b042-04fff799a0ff,Google,31
21,26c6734f-42b6-48f8-a08e-e1c3a79019d0,HTC,35
22,41b0ee09-2868-4c4b-a22d-b533a7fa46af,Google,74
23,2ab641a8-6ad4-4d1a-8511-d87ff5346773,Huawei,53
24,da97952a-2eba-46c4-a19e-3df3c40a1524,Microsoft,79
25,92c3576c-8634-42a8-8005-6e1ff8c207e8,HTC,11
26,a1a9c0bd-785a-478f-a19e-9eb48fae0bd6,HTC,12
27,e8493c32-7f6f-4e57-a691-cf0df6f015c9,Motorola,23
28,aa71ef91-252d-4c99-92ad-cf617f09fced,Motorola,5
29,dcc6000c-ba92-472c-8bc1-9e9ca30b475b,HTC,98
30,9ce133df-bd87-4559-96d7-a402add824ca,Samsung,36
31,63e07d14-7bed-44b8-9cf0-4a7e9b2a99ea,Microsoft,10
32,a559688e-3f10-436f-a25e-8ad553eacb89,Apple,19
33,3c45659f-e24d-4b0d-8210-0b7704ea1ac6,Google,66
34,2aae6657-1214-4119-8cde-6b0dc5cd5529,Microsoft,92
35,002cd824-10f2-447c-8d1c-940325a1cdf4,Huawei,51
36,0c347562-ce55-450b-91ab-0707662b36f5,HTC,78
37,b143cd2b-20b1-4e9c-9bb7-cfb359b33d01,Samsung,44
38,3f2d07e5-3604-4873-9737-bb44340773d8,Motorola,54
39,7918d465-0953-4f20-9e28-539e74c82e2f,Apple,79
40,9e9c6089-692f-406c-afee-50f62c127e9d,Apple,58
41,fd7396b2-a18b-449c-b326-e676aebd7776,Motorola,26
42,9dcb5fd8-9e7f-40d3-bd1d-edf33ecf6388,Samsung,89
43,dab237a2-dcc9-4322-a9b6-b2d16ee38c78,HTC,21
44,1932a904-86ba-4438-bb52-b7e6516a4019,Motorola,42
45,877ce8ba-564f-4b86-9cdc-94a93d9a7997,Apple,99
46,7d624010-a0e7-455b-a606-48c5c467dd80,Huawei,19
47,0871bb31-3d6e-4e4c-ab19-95a262cac0d4,Samsung,14
48,f9ecf6a2-8402-43b3-bf22-8cd54394ea02,Huawei,56
49,132b1407-16fa-48f8-8112-3e426974bbb7,Google,17
50,b9480379-4b96-412c-8dca-96fff9ae81a3,Google,40
51,fe15963d-0a77-4247-9bc6-04e146b826b2,Motorola,8
52,69527334-c362-47df-87fc-5e2b5e2605e5,HTC,15
53,6e98e5c2-b7d7-4915-bb20-d01a42d29dee,Microsoft,77
54,90e2caab-9daa-4bf0-8104-c25e6c70c59d,HTC,15
55,43dc107a-bd3f-4cfe-96f7-8d17ca485bc2,Motorola,70
56,85a3acae-0e71-49f4-a6ee-13d3df1f4962,Microsoft,89
57,4cff698b-def1-497c-a78e-75058de67fe8,Huawei,74
58,5ffd8b51-164e-47e2-885e-8b8c46eb63ed,Huawei,98
59,95023c1b-04b7-4efd-ab34-61a4a70bb9d8,HTC,54
60,2026ccb6-77b2-494c-9b6b-a5d32aa86776,Google,90
61,ad9f5c2f-aa30-4baf-b084-56b1a4b63b09,Microsoft,6
62,7bf3ce80-784e-42a0-b06a-dbbd1e31a9b7,HTC,58
63,92b87fa5-f271-43e0-af66-84fac21052e6,Huawei,11
64,ed1c744d-8561-4b41-b83c-7bf554fbca97,Apple,90
65,e8c9386c-8fbc-40cc-9587-ccb912ec5c10,Huawei,74
66,df1e7940-d514-40aa-af3a-e742792c4b5e,Samsung,73
67,6e9c7f30-264a-4aa0-b3ac-36e852d10906,Microsoft,2
68,69fcad9e-45a9-4189-b7e1-96b26c57c542,Huawei,56
69,094fbe49-da84-4445-9d28-7fc5f593f5ad,HTC,35
70,ec2729db-9794-466e-93ba-a19402e16bef,Motorola,27
71,ddd079a8-00dd-4aab-9551-11961171db16,HTC,83
72,d97f6964-a2d4-4d55-8f3d-5b4aac2f569f,Huawei,85
73,9ed68c70-13fd-4346-808f-2665943c46d6,Huawei,19
74,9b6d35f9-5e15-4cd0-a8d7-b1f3340e02c4,HTC,19
75,6fd58dea-315a-4ab2-8023-424a6ff455cd,sbnnz,73
76,35d6a1f3-e358-4d4b-8074-05f3b7f35c2a,Motorola,67
77,e3417115-6e56-4f55-a4ae-70353582a8c4,Motorola,46
78,9d0a0b94-b081-40d7-bf56-6f8f4750dbaf,Microsoft,10
79,29ba1f29-2e45-41bd-9c43-05d0dae6c1c6,Motorola,88
80,0c5b0547-820a-4beb-832e-3162f74ccfa7,Motorola,53
81,48e26178-5cdd-4568-9990-d3bc5937910b,Huawei,73
82,40e643fb-369c-4ecb-beb7-810114f331fa,Huawei,78
83,8fe167eb-3c69-459a-b32d-b030b942eab4,HTC,62
84,0a1cde57-79ab-4c61-b664-1d3b290b43cf,Google,68
85,6ecb39b1-8f85-44f1-b2f3-0cffcba4d731,HTC,19
86,b6d04982-1509-41ab-a700-b390d6cb4d02,Google,95
87,d55f3314-96cc-4a5d-b650-f43f094cd3c3,Google,50
88,7b7b5825-2ae1-4119-99a7-e638f13267a0,Huawei,77
89,f182f7d5-e202-4e89-832e-02205dd2ff02,Microsoft,32
90,03e3a23a-a77a-41da-9ecd-3f2ff9e5bc90,Apple,77
91,98411adf-cfc0-400d-aac8-e215571ef3f2,Huawei,91
92,4607d7b0-3313-49b8-9f73-5b8227fc5b67,Google,90
93,1798905d-6c3a-4e5d-a9d1-ce429b1260d7,Huawei,46
94,08c64787-e47b-4a7f-b00b-5590eb5fbc3a,Apple,85
95,2af7f476-41b6-4147-aac7-0bbcb5043895,Microsoft,60
96,64b33556-9ecf-4ebc-8b4c-f829ab1a4881,Motorola,81
97,e89d4cb0-3bec-43b8-8060-719983fe68a9,Microsoft,41
98,69532ce2-1ffe-4187-8042-0230d115b24e,Microsoft,11
99,427fa55b-7f49-4981-bcd7-59fee8efb512,HTC,15
100,1582dac6-ebec-43ed-a34a-1a202ca72627,Google,88
101,48e834aa-fd4a-4206-93e8-ac8fdac613bc,Samsung,6
102,48bed4d7-0329-472c-96d9-b23a103eb834,Microsoft,48
103,ad4bd878-55e7-487c-a4db-470b23bbd832,Motorola,97
104,1e571af5-1796-424c-b744-a925897d44a3,Google,86
105,ae600af5-c1f0-4b1f-adb0-1b4c246373e4,Samsung,79
106,2f112802-2501-45b5-a9d9-470cda6ef23e,Google,73
107,d74e1b39-7b34-4bcb-a24d-e215097187f5,HTC,54
108,7000ac2e-87a0-4e23-b342-5f150e03f9ef,Huawei,20
109,b76ebf8d-3f04-4e7f-aec8-22575f68d9e2,Motorola,56
110,80c36ce2-2cef-4a47-a563-d2a60a2b1825,Samsung,16
111,bfe23c39-f814-4282-b0f7-506cd8295b8a,Google,77
112,a6e32004-8866-40e5-aaeb-e159c13fd42a,Microsoft,30
113,cafa0d07-63be-4b5b-bc7f-c4f4091d403d,HTC,52
114,ae4eaf32-9db8-457d-ad58-1c4fad4b7eff,Samsung,83
115,b841358a-d8ff-412e-b940-3a95fd31291b,Apple,81
116,1a1be722-70b0-47e0-a737-1700cffa1e6d,Samsung,44
117,4291e9a9-b4a8-42e1-b032-520b16f93888,Samsung,90
118,05782669-264e-4c14-990e-14c8dbb13bef,Huawei,33
119,15cf4392-8541-422b-8957-a9c0380c11d9,Huawei,30
120,75ef996f-dee4-47d9-87e2-9b58ebd76ff0,HTC,97
121,78703a69-8edc-458f-b0fc-85d96501dcdc,Motorola,3
122,76cb4dbe-7748-49ab-8179-6e3f3b840dd6,Google,12
123,5d33137a-3306-4d5f-8ab1-48d2446a12b0,HTC,41
124,e43acf25-fcfb-4dbf-bc8c-ccbe16c329e7,Huawei,50
125,e32722f4-69b1-4aff-b13b-8928ea08fd6a,Microsoft,97
126,bcdf88dc-2a52-4716-bc24-a1b46040c8ce,HTC,69
127,fa3e42f0-71d8-455f-b024-e52d5c27a145,Motorola,35
128,33c1cee6-ae56-4f8e-84fc-ee0a4b7bbf4c,HTC,49
129,cf34e8ee-f508-47bc-baa1-bcc576e1084d,Huawei,10
130,2a41e628-4cc5-4765-af2e-8b3dec750c0b,Motorola,46
131,bf970f55-66c1-402d-a5d7-f086421516c9,Apple,78
132,a6133f47-5586-434e-8be1-1e7122db1c0e,Microsoft,26
133,11f207c2-0113-47e5-aa9a-df2c7b91ac75,Google,17
134,56b8948a-68bd-425f-b842-eabe6bcfacca,HTC,47
135,8b49caad-bcc5-43de-bf40-34a66ff8805c,Microsoft,3
136,8f3d5674-544d-4f70-b4c1-7b9d93371855,Google,96
137,d27670c9-f85e-43e0-80a7-122cba908f10,Huawei,20
138,18c56602-937e-4ff3-bc6c-43f0b14212ca,Motorola,65
139,e79a2e98-57b4-4469-8da4-87f338460d42,Apple,63
140,a8d09ab9-44c6-493c-afdf-93888822a4b0,Apple,13
141,3956593b-7739-426a-b7a5-e841c95a5df9,Apple,57
142,49f49bcf-17fe-4edd-990d-16c3d1df931b,Samsung,45
143,95f4bf3f-7eb7-429a-9f48-0f7cbdf0beaa,Motorola,69
144,568e7c6f-b1e9-4a85-897c-aaaaa0ce8832,Motorola,3
145,4dc7482d-e44b-47cc-bc27-7bf663497997,Huawei,91
146,85eca06e-b8db-4fd9-b083-da47572c40b2,Apple,67
147,d71363d5-6468-44b0-b641-94c4776bce98,Huawei,91
148,1ebc46fa-edd3-4dec-bb45-c124daf83512,Microsoft,30
149,91bec0ab-a8d4-421e-b333-e511c7c6f9a0,Apple,58
150,9bb5d084-0b28-4352-8591-5b5a4efecdf0,thbhn,4
151,dbacabf8-7ebd-4f22-a261-59d8dad306f1,Huawei,9
152,7a85fbc6-253f-4552-9f4a-c1a332e14fa5,Google,12
153,9a5aca53-6263-485a-bf77-e60c4608fd26,Apple,3
154,0c9ea4da-c609-4b08-ab44-1da0530ba364,Google,0
155,1f81cb56-5258-4f9e-ab2c-4dfb581b44cb,Samsung,49
156,311d7214-711f-4f66-bc9a-e835fa54ffb6,Google,45
157,109782f9-4141-4d5a-826f-9a4ea672f65b,Microsoft,62
158,fe1c151b-1a95-43fa-9a4c-f3214adba852,HTC,17
159,c76c3393-88e2-47b0-ac37-dc4f2053f5a5,Google,74
160,49da0743-cb4d-4c84-b6a2-537bbe7256d1,Samsung,30
161,acd90ee9-84cd-465e-88e3-f128dd0cc1da,Samsung,94
162,f02267ef-8974-43f5-9a2f-03d2c8ec22ca,Huawei,75
163,b0d6f088-ee97-4087-aeb1-4957f24a5f4d,Microsoft,18
164,6978b891-dea2-4217-8bc8-47d5aa25e743,Samsung,3
165,c880dbc5-8997-4f38-9055-c254b9133175,Motorola,49
166,33a8d02a-e255-4ffe-9d90-2df8c2914077,Samsung,31
167,c64c5004-6ab5-4faa-9fcd-8039fe57799d,Google,38
168,2c32ac39-926d-4473-801f-5733222ad74f,Google,7
169,06a8036a-6e4c-4b15-a6c8-ca74ac11ea73,Motorola,2
170,fe37b2b4-ee09-4caf-aff5-fd15f6f083a1,Microsoft,62
171,e0e16358-f850-4085-bc5a-ed8e6a4b2ec1,Apple,2
172,289044c8-e74c-4814-898a-b3b5eba6e46e,Apple,57
173,a6668254-c779-424c-8c8b-1762bf45916e,Huawei,33
174,cd5fd7db-8715-41b7-8f4a-11a65b638d8e,Microsoft,46
175,31d378e7-9e95-4e8a-b564-7fd346027dfe,Motorola,76
176,a58444bc-a23e-40a1-b09d-0f90bd5cd6b3,Google,13
177,808f5b0d-17e3-44e1-b58e-7f35ebabaff2,Microsoft,60
178,3663e3e6-3d5c-4ed9-a6af-1e680ec5f34b,Huawei,5
179,68724f58-bc4d-4ab0-a4e1-60cdd5e95e7d,Microsoft,57
180,54a8e072-5369-4122-9189-43b55e1a4ba2,Huawei,33
181,987b33de-7307-48c1-b34a-6c6806d7af67,Google,78
182,324e384a-9963-4d17-94aa-21859ea85062,HTC,72
183,85503a94-e733-486e-989e-12ff9b59f2d3,HTC,50
184,8d3cd87d-8a31-4935-9a4f-b319bfe05f31,Microsoft,10
185,4ce3f877-96ea-4a37-8107-1176126d9d97,Motorola,46
186,8af596f3-c67c-4f40-a0cc-e258e730a8f5,Motorola,87
187,37867a23-d07b-4990-8fa8-d694cf7d3b1b,Apple,77
188,425b7021-0409-4358-af39-2bff14197d0a,Motorola,47
189,7719b807-bf22-4b36-8f69-44d9a87d239b,Microsoft,94
190,e377a5c2-0378-4684-b7d1-5d80e04243ed,Microsoft,57
191,9210e8dd-d2a2-4ea7-8cbd-f37e1e8efea5,Microsoft,38
192,d51a3403-8bab-4d88-af4f-a429c6d8c168,Apple,15
193,a6f003be-b0fd-4100-b4cc-f568a21b9745,Microsoft,7
194,87026ce7-fd0b-4b57-9126-d4bae2c1ee0e,Huawei,88
195,1ee25417-3648-4220-9b8f-fc82d1ef450c,Motorola,31
196,23483ddd-e43e-4c5f-a1b7-5392410aa8d1,HTC,35
197,c07fd88f-9e7b-47eb-8477-8fcbffb7c5c8,HTC,97
198,e57c1d53-11ce-4df6-bb4b-85647776fd6d,HTC,79
199,624db443-c716-4227-ac84-a6f7c3a59162,Microsoft,21
200,4baf648a-0ad5-412d-8250-5a0ff9289fbf,Motorola,12
201,ab9a4d70-3ae4-48d6-b161-c18bd687c3b4,Microsoft,32
202,caa8605b-5cd3-49d0-a680-2a6e9f3bf0a5,Huawei,98
203,ed5e1675-94a8-482c-8b43-1b9bb71d0495,Google,59
204,e206e31b-5f85-4964-b6ea-d7ee5324def1,Apple,10
205,392bf6a1-dd73-48a5-9fd9-431749f2a8ef,Motorola,0
206,163daa38-8b77-48c9-9af6-37a6c1447ac2,Motorola,26
207,583f2bde-886d-4cf3-a5c4-7cb60cd25df3,Microsoft,14
208,d81dc9d9-a614-40f1-9dd4-7a4a05bac243,Motorola,0
209,fe0e2711-bad0-4a0a-90fa-b2d9e8c773a8,Motorola,6
210,334e2fe8-6f2c-424c-8ed5-12c99f048722,Google,19
211,b726d35b-6345-4ed9-8431-fc75e38ba179,HTC,87
212,ce9b41f4-625e-4868-83d1-6b53767a8af5,Google,68
213,1e6db00c-22dd-4ae9-80e3-95f7a88b18b8,Motorola,71
214,98511140-45c4-4faa-9962-fea5ad618ea3,Huawei,9
215,922d93a7-d56a-4e74-b1bf-1e7bab42dcc4,Motorola,53
216,330ded4b-db65-485a-80a4-6b3bffd33067,Google,32
217,f41d30f1-50c3-419c-a2d8-9043c7e568ca,Samsung,81
218,79acce4b-b991-4a68-b762-d496686a4f32,Google,34
219,3e65775b-36e4-495d-9c45-28127fb3da5f,Huawei,93
220,d16ed6bf-d35e-463b-92b0-393ee67e220c,Samsung,30
221,9be473d9-cfdf-4954-bae2-09b0555a8ebb,HTC,0
222,13f0db8a-152a-496f-a6e8-1ed6a90b8788,Microsoft,27
223,ef56931b-540b-4166-9090-73ae48ac8d97,Huawei,59
224,4bcb2c2e-36ed-4d5d-90a1-440993e9f6d2,Apple,52
225,a92660de-2154-4694-a86e-88cb81c8ea95,ouafw,98
226,c1e01541-7508-4712-a22c-0370f232a41e,Apple,20
227,b1ceae0c-016d-421f-a6f0-488a7857f9f6,HTC,17
228,24789387-968b-425a-8836-14e243cda16c,HTC,60
229,5c433d28-dfb7-4456-a468-dc3705147ce0,Motorola,88
230,ed3494e3-695b-4068-a725-09c6cdf92d63,Motorola,60
231,afab7336-04d3-45fe-8917-0327c56e7435,Motorola,16
232,89d6bd9d-ce6b-42e5-bb9b-ece3b338396d,Samsung,90
233,948f7e9d-49bb-4770-bc9d-cb3fb65cca15,Samsung,82
234,15e325b1-c221-4bf8-8010-18d76b03646e,HTC,23
235,3954373b-2411-4d3a-98ba-03bafc1a1a6d,HTC,65
236,b3e73328-3638-4913-b7ae-3a6a64c1cd62,Huawei,36
237,47def058-01cc-478f-9830-eaddcccac633,Motorola,68
238,6fb7ead6-71f3-4f57-94bd-18111fbc5e1a,HTC,92
239,30be2156-59d1-451e-beea-1a3690200a2b,Samsung,74
240,b83ae39f-2b80-4925-b5ff-34ddefd7f07c,Apple,56
241,0f21b6d6-7be6-484c-9698-d851ad7d43c5,Huawei,46
242,b6fd2140-f8b9-498a-a07f-0dc9986736c6,Google,32
243,73a9e869-62a6-4508-b146-20dc9de19276,Microsoft,19
244,8d67b1c4-cd76-4701-a908-738e7a2411e7,Motorola,81
245,13c06e7e-833d-47eb-a790-5e09ccfd8d2c,Microsoft,3
246,7e263bf1-e036-4cc8-9cb8-9beec89027a3,Huawei,9
247,122c3e03-0a96-4d62-9d17-27f8e2b6ba58,Huawei,4
248,6053d7e5-47da-4156-8b7c-dacf23a0e660,Samsung,22
249,1add9169-fda0-4da2-82a0-4de3bf7ed8ca,Motorola,18
250,9a84c667-c913-47ce-be69-0f847dbfe0db,Google,68
251,80e03bc0-fc8f-475b-a4dd-870844b7a313,Motorola,29
252,192a526b-4952-4bda-b659-4661dab12716,Apple,26
253,1545ddaf-2b75-4143-82fe-b88966aee4fb,Huawei,13
254,63e1cb43-d3dc-491a-af16-209c1c152c44,Apple,39
255,1bcc3c26-e82e-40f4-9d16-3311c8c1ddf6,Motorola,26
256,286516cf-d236-40de-8d28-7d0bd173125d,HTC,57
257,b827588c-31b2-47f3-916a-a1dbf7987f50,Microsoft,37
258,9fb4ce88-fac1-406c-8544-1a899cee7aaf,Google,19
259,b09e3125-2162-443b-bea0-25895b7605bc,Samsung,49
260,3efc3621-873a-4b80-a0cb-27e531d600be,Microsoft,5
261,3455a646-398f-4b16-b19a-1371cdb2e048,Apple,82
262,80fc5e28-17ac-4e79-b9df-0d500abbe8b5,Google,88
263,bc142f57-1307-46c6-9975-8c3a1e5f540c,HTC,27
264,c834ba1d-8a10-4984-aaf2-7c2eab207076,Huawei,43
265,242a3620-fc18-4120-ac72-37b0f3716879,Microsoft,62
266,740a4abd-187d-4783-990b-161c52fb5f86,Samsung,4
267,084eb113-0d87-4ae5-891b-2ec7f1e194a8,Microsoft,58
268,a4a3247c-5e68-49d0-a768-a8d7db1c8ef4,Samsung,62
269,de39bbda-66a8-4c52-835a-7a104cf7f081,Motorola,98
270,19fa2bc2-96ab-45b6-99de-1995c2bee330,Microsoft,49
271,4eed2f45-f040-4995-a60f-472af1ff379a,Apple,56
272,4ef2c812-b152-4a72-a443-f4ff787d7b0d,Huawei,81
273,7adafb3c-7c7c-492b-be5b-5ddd9ff1316a,Samsung,70
274,d9aab962-e964-4afd-83ee-abda0865da67,Samsung,44
275,7d8464e7-44df-46bd-b338-d599eb730ea2,Apple,59
276,c3988ef2-7e28-4db7-8981-c69f61a3bfce,Samsung,82
277,f50ac030-3af8-4e07-aacf-dccff353b8f6,Huawei,58
278,76a034b7-e163-4735-a15b-b0ff645ca627,Apple,34
279,d1a89d23-7d17-4949-9e1a-637317141f3d,Apple,98
280,5a1ab9a3-1983-4021-9557-d3700a276746,Apple,72
281,18421d97-6f86-4d21-a7b1-dcc57dd8be76,Huawei,53
282,c5d04879-87bd-4950-9e63-334382ef53af,Motorola,46
283,ded166ee-173b-4a56-bc6d-464c35709670,Motorola,91
284,72d2587e-8fae-4626-a73d-352e6465ba0f,Google,75
285,ef629f00-391d-4a79-af74-77a9afdbbd41,Microsoft,72
286,9a5c1dcc-d26b-4303-b487-3075e7d34e02,HTC,16
287,05d7e77f-a18a-4358-a23a-46c560b3682e,Microsoft,91
288,acbac577-54c9-4476-af3c-a3241a3f4a19,HTC,96
289,45064aca-5e28-4b1f-be64-202fc5e0daba,Google,57
290,31cfc138-cec0-4176-bd6d-79c4cadbb1d4,Microsoft,35
291,3d5f257e-556b-4e19-b127-977bc5c4daed,Samsung,19
292,f9775602-43ab-4d54-ad93-7c9a489879bc,Motorola,59
293,af647535-dae8-4ca3-9203-bf4bfc607ffe,Microsoft,70
294,9e9cf8e7-6731-47da-bc0f-3a487e835586,Apple,80
295,6f2e20b4-5d7f-4345-b5a1-71a768ab8050,Microsoft,39
296,fe224147-e893-4178-b46e-b12f22bd7ed1,HTC,2
297,683d880b-3ccf-4f4d-8182-96e7a7a884bd,Motorola,47
298,a90c3ed2-7c64-47c3-9da5-b10d05f6f9f2,Motorola,90
299,5d454588-283d-459d-915d-c48a2cb4c27f,Motorola,88
300,b870b764-7447-4990-a8d4-024d33e0e67d,dcppv,75
301,374634b7-aead-4f2f-9303-c15f456c4094,HTC,24
302,91fa7240-3d29-4dd0-baf1-ace7742a6e3f,Samsung,90
303,375985a6-ae79-43d2-b7c6-b182d83f1eaf,Google,27
304,248a8f9f-10ac-4786-adfb-d0c3dd4e4b97,Huawei,85
305,600118fa-e6f4-4d74-aeb6-936abbbf38a1,Apple,73
306,91dbe082-62c3-4bfd-9721-7c94be3a3d32,Google,98
307,17bc2431-754a-46e8-81e2-32820d3fc612,Microsoft,88
308,3ae50cc3-39cc-440a-8e31-3215011f2762,Huawei,23
309,168e6d97-0b9c-45d0-ba57-cabc8c60d428,Samsung,5
310,eb74e88c-1bf5-402f-987e-90a5977ae1e3,Huawei,46
311,f7d73e35-248c-4369-9e4d-1f38bea06a5f,Apple,83
312,fc17ca61-7c66-4ceb-8504-32f58b438b45,Motorola,94
313,5897490a-0aaa-49c9-b63e-0da83088e3e0,Microsoft,2
314,e09aa625-3db7-49bd-be09-9aaa0c86a8bf,Google,8
315,a1290f9f-af93-432d-be86-65840470c621,Samsung,22
316,b7b551bd-8cdd-44f3-aef8-29bf82b51535,Motorola,81
317,90898216-e580-46c0-8e79-f2df84a9676d,Microsoft,82
318,a81df767-7da1-4844-b63c-fee4c9c7895d,Samsung,74
319,8dda1a41-9e57-4944-bd36-18c0ac343b13,Huawei,4
320,cfe50481-7c50-48fa-97fa-89b6f137e1bd,HTC,54
321,40f15350-9ac3-4b6c-83c3-51cc7945dd01,HTC,24
322,20d507a0-fdba-4c04-a30c-bd18273accdc,Samsung,93
323,64b82ed5-80dc-4fbb-9dfc-d7e037684f0e,Apple,27
324,f4ed8f9c-5eac-4d77-a206-c60afda2921a,HTC,60
325,4172c4ea-8fd9-4e50-bd2c-7020eab84f34,Apple,49
326,dd118345-3ba6-4800-9686-d5479fee403d,HTC,22
327,e74edcea-5db4-4412-a4ce-eb7c5adc314a,Motorola,40
328,fa16aabb-fac3-4310-b19c-ce7021eb825b,Apple,58
329,72f7f84c-5bcc-4380-81cd-3378ce0a1b32,Samsung,48
330,8d3661fd-d953-4c1b-857d-82b3e34f569e,Apple,88
331,b4a6b3ac-b6af-4525-8d59-7afc00ff279d,Apple,55
332,3205ad12-726a-4b65-a15a-1a899a9d310b,HTC,21
333,0873e9a7-234a-4096-a92a-8dc7a03eb0c5,Apple,54
334,7be6e8bc-39b0-4035-ac93-1df8fd7e1928,Huawei,85
335,789b11b4-96ff-4abd-8da2-3da8b12d1e6e,Motorola,70
336,cad2d54d-9555-4dfe-bfcd-7a584895a002,HTC,40
337,3b751c3f-bab7-4b2b-a95f-10d57c02aa6a,Huawei,33
338,bbe8f83c-af9c-4dab-b5fa-7925822e450d,Samsung,47
339,a710ab29-b72a-42c8-a79b-42e63d4a8bfd,Google,18
340,ac4e6ee0-d1bd-4e6b-9355-7567b3e3ec5e,Google,24
341,5ad56e97-58f6-4e66-9b8f-5c16358a9a97,Motorola,45
342,d5b6f279-ab5f-4391-b92a-c8acc8ceceb6,Apple,14
343,f717de6d-2b64-4ef9-855d-ff1c9460c3fe,Microsoft,25
344,225f147b-0951-40a8-96fb-2ceba9f3153a,HTC,34
345,92423e9a-4e8c-49bc-be75-c819912696ce,Microsoft,0
346,3a80467c-0f1f-49ca-b904-1938ea2177a9,Samsung,27
347,80c9ce48-46f9-4f5e-b3ca-3b698fc2e949,Google,39
348,bf721d00-4fa1-44b1-834f-4730cd51aefa,Samsung,37
349,f0ef81ec-85b1-4475-ae60-aa7d373088aa,Microsoft,91
350,9b8a3e97-eee6-4de5-ab88-e00d2c0db6b9,Google,39
351,61d88e0e-c0e7-4352-85ad-555e464ff933,Google,59
352,2ad548cd-a899-4992-972b-92cde9cea8f1,Microsoft,64
353,ffdb3615-516c-422f-aa24-a137e3027d3a,HTC,30
354,31ff6616-c1dc-4b9a-8091-0b4d0cac25b1,Apple,4
355,c924f935-cff8-45c0-b4b7-5ed2c6cdaac8,Microsoft,9
356,941db1b1-270d-47f8-8a96-43f5a7481f03,Motorola,86
357,e8849148-1482-4926-9f28-a537630b9ba2,Samsung,20
358,b7e4b060-7b74-408f-b7d7-67a5e1dbfce3,Huawei,43
359,5870e611-6218-48e1-a9a0-ba86fe5598f7,Google,19
360,241d5c6e-06c7-491b-b23e-f8d6ddc0240a,Motorola,44
361,f73a01fe-444d-4b94-8d0e-4ec2cb97495b,Apple,57
362,56e65b5b-e1b4-4f67-b596-e75bf103783b,Microsoft,17
363,4027aa31-4bda-4e1d-92f7-49de962e8da9,Microsoft,32
364,2546684f-0387-4c46-b19b-9a5ddb2ef221,Google,93
365,93dd80c0-4ff2-42ed-9949-1621b0a68c63,HTC,57
366,4bc62825-3109-4796-9465-1bf853165347,Motorola,66
367,ef147ea5-9696-44d5-b6c2-a43f62fd8ce2,Apple,87
368,f5d9a26e-986d-4d8e-a1c9-69493fb64736,Apple,99
369,a540d720-b44a-4d3d-9643-e12bca77d1f3,Google,8
370,ce7c338c-cad4-408f-895b-510ca73a388b,Google,36
371,4793cc6d-be60-42cc-bfd4-7ce8fd4d0eab,Microsoft,83
372,38cceae3-14e0-49bb-8087-f6f210a2053a,Samsung,1
373,ddc4db8e-0000-48c4-8fdb-d32af87fb823,Apple,0
374,7f8ef27a-73f4-4bc1-aa62-f8aaea817294,Apple,67
375,db392b86-6ba5-4a9b-933a-a2553488bb62,xtzqw,57
376,66663a0d-856f-487f-a2a2-258af21ab3e5,Apple,58
377,3f218ab6-a288-4ee8-affc-3d02a9cbff5f,Microsoft,8
378,cbc99939-e6a6-4269-9819-bffce6f38751,Samsung,1
379,e69d9ade-20e5-4e31-bc70-5a46556c530f,Samsung,57
380,f8926cfa-7036-4929-b5db-925c26daea1a,Microsoft,21
381,cab84c6a-e342-43ab-85a1-9c6ac1e93bac,Apple,93
382,54729154-eb5c-413a-8837-887365057910,Huawei,36
383,d3aa94aa-3e81-49e4-915a-d269e4f42f29,Motorola,77
384,a4fd7920-9edf-4930-84bd-7a38b3bf9cec,HTC,59
385,e2377b94-f06a-49ed-a266-377c4b07e980,Microsoft,11
386,beb1f34e-7870-46d6-9fc7-2e12eb83ce43,Huawei,54
387,5b62e10e-3c19-4d28-a57c-e9bdc3d6758d,Google,56
388,89572273-761e-46f3-8b99-1689d98aac90,Samsung,7
389,6178d76a-af2e-4453-93ee-02ca23ed3fdc,Apple,23
390,b3a84639-5a4f-4c97-8ea8-2ac49882e27a,HTC,86
391,274ac4ac-395a-4f70-90e5-9771ac3db11b,Apple,60
392,de1d478e-3552-4223-b039-d3086cc485ec,Motorola,21
393,10f311c3-f547-4260-8c0e-a155008b7936,Samsung,7
394,b0c22f82-b882-4394-bf27-6dfadf26e5c2,HTC,31
395,8abcf667-7be3-439f-97bb-3375a3de366c,HTC,75
396,3d13e0d3-e765-4065-9221-3f864689b9e0,HTC,2
397,b473e898-b7b0-4a57-959d-484bf4cc4483,Huawei,34
398,a94a7d87-65df-4c21-847a-0e8af6cb5c02,Motorola,62
399,6eb62858-f6f3-4846-8054-52df483979de,Motorola,55
400,fc709c94-7491-4753-ad53-dfee49823a2f,Motorola,36
401,9fbae7e6-65a9-4753-8db9-5f7855b6a540,Apple,90
402,b596e7d8-dd3f-4125-8b99-4bf2283657cd,Huawei,10
403,58fc0c8b-f669-4ee3-9a92-6d4290d85277,Apple,7
404,2941011b-f214-4430-8a14-e791ed0805bb,Samsung,98
405,104c4dcb-70d5-4d87-b5b5-8b67205891fe,Huawei,6
406,c8145b49-3841-466e-9d49-a636ce2e7d1f,Huawei,18
407,bb987a93-cd4f-4b6b-8691-0997ff8a8ce8,Samsung,74
408,2ef20e99-8be8-4ab6-a817-83991f7a0fa3,Microsoft,82
409,34fcadd6-fa9b-4404-981a-c70c86cde556,Motorola,38
410,de050611-e926-43bb-b1ea-502d8bd25bfc,Huawei,98
411,41cd692a-be3c-4acd-a2c8-184586bdc180,Motorola,62
412,596342af-6379-4551-8379-f4b805f9d576,HTC,72
413,ade9db41-034e-4b27-befb-42117025dab0,Microsoft,24
414,5fbf758a-376b-472c-8aca-a87ff1db3e6d,Motorola,81
415,15c2ba5b-eeb6-4d9b-a0e2-7d5461a21c0a,Motorola,13
416,a483c273-aee5-44bc-883e-d6963157aa4c,Google,11
417,561b08d6-1084-4115-933d-db3e60edfd8b,Samsung,59
418,c43c2351-9591-4122-acdd-b521723d7292,Google,81
419,1879b698-1639-438e-a07e-ddd735f8d57c,Apple,30
420,94bf7864-a52e-405e-a729-9702bf79c234,Apple,63
421,bec3a622-1373-49c2-9d57-e0281c34f5cf,HTC,51
422,e6a52b6a-20ec-4b09-bbb7-4a1138014985,Huawei,41
423,2129de92-ee91-425f-a854-07c553ee0b74,Google,20
424,f3eb7ee0-7788-43a0-9686-1c399260b17e,HTC,15
425,aab5b5d2-682b-4b27-89ae-cf7803f76786,Samsung,52
426,571d7193-a3e6-4909-b25c-e891fc126f31,Samsung,72
427,f2a3b679-edc8-4b0e-9793-995ef2e100f2,Microsoft,78
428,4fe420fa-a193-4408-bd5d-62a020233609,Apple,5
429,57617bf3-b7d0-49cb-8d88-7d8346656397,HTC,15
430,ba55c3a8-5ab2-486a-8c90-b972117453bb,Microsoft,54
431,b9bcd994-f000-4f6b-87fc-caae08acfaa1,Microsoft,56
432,1ff398e4-6b68-451d-9b00-2d2a565ba22a,HTC,68
433,70848bd7-6cd5-4686-b22b-a9afb05541a5,HTC,56
434,8298747d-33c8-441c-9c5a-a6cf648c95d8,Huawei,5
435,71519e2e-6e97-4b73-a346-cc3a91cb4661,HTC,45
436,69f2735b-eee6-4fc1-a934-b31c20beb780,HTC,41
437,306662a5-e17a-44a4-bb67-cc858ae1dccd,Huawei,14
438,939dbcf5-024b-4e63-9e7e-2f15c8b346ba,Google,60
439,3a752edf-f723-46a5-bffb-4a9ed6475546,Samsung,24
440,766886c9-a63a-4446-bb4a-07d611b3b212,Google,63
441,8c9c5ee7-9c8c-4842-bbd1-1d1e51da8164,Microsoft,92
442,f46eee2a-6024-4046-a6f4-5232366edb87,Google,17
443,052faed2-37ac-4a2c-ba6f-2657322e4fa5,Samsung,84
444,4edc3d1a-a7d9-4db6-89c3-f784d9954172,Samsung,13
445,23a48585-f2cf-4a20-8d30-f49361d5625c,Microsoft,15
446,2019ba88-1967-43e6-9710-b17ade18afb3,Motorola,26
447,55380131-13c6-4a5c-8826-ead0ea8895cc,Samsung,87
448,b1954833-b6a5-4c6c-9709-80686b7768c4,Huawei,90
449,34e8add9-0206-47fd-a501-037b994650a2,Microsoft,96
450,1ea3d5d6-7e6d-4554-b31d-ea31dc2150f9,qxugb,49
451,4cbd005f-69d5-4a83-9947-7009f69c0e7d,Huawei,58
452,cb97b0ea-fc93-4597-b391-846710c6fedc,Apple,36
453,a5c65404-5894-4b87-82f2-d787cbee86b4,Huawei,23
454,108fc1be-9c15-440a-9cab-634c3f414dcc,Motorola,60
455,83f8edc6-90b1-4f96-a80b-d6aa74103610,HTC,57
456,f11e8adf-a550-4e7a-ab81-dbccd952dff8,Samsung,3
457,4fe1900d-5e78-41a3-88ed-18e6889c6c77,Samsung,48
458,f25dc445-de4a-47ee-92a4-0ff29c56656d,Huawei,7
459,007a1366-a46f-40f1-9ba5-01245aeaf20f,Microsoft,51
460,fd4da61a-5102-4311-8b9f-2ec57bfac6b1,Samsung,24
461,542041fb-f361-4353-b0f0-442c1585317a,Google,36
462,f86853a2-acda-4319-a50c-03f014248042,HTC,32
463,d2e48a3d-aeca-4b36-8550-f8cbb10d09b8,Google,83
464,3eb6dad3-c017-4e77-8920-fbdea84b0acc,HTC,49
465,4c0558bc-b0d9-44b0-8b70-5fc6acb6c362,Apple,34
466,b8c653b5-0118-4d7e-9bde-07c2de90f0ff,Apple,28
467,9bbcd241-2de4-4a55-a3fe-2292cfbdc11c,Samsung,88
468,0ce03276-e538-4c96-bcae-9844fb0628ac,Apple,69
469,7240bf9b-7424-4c04-aab1-1d7aa39964d9,Motorola,30
470,7d8c8c77-77a8-4743-b35f-349c0ac07866,Microsoft,95
471,9664d628-9163-4aae-94e0-311f3bdb2f11,Huawei,56
472,c1c53b8c-b6a8-4343-a369-4a0595a97807,Samsung,58
473,f7785ec1-7383-4815-8206-80de7c05fdf9,Samsung,12
474,d47fd6cf-20fa-45fe-97a1-b8aca043c9a8,Motorola,20
475,23cc47ff-e5cd-4915-828d-258aefce5a14,HTC,63
476,5d04455b-a95e-40d8-bcd4-8c485777c47f,Google,9
477,d56c9d87-7d56-4a5e-a0e8-bbc4ddc3242c,Motorola,94
478,2dd186bb-7a28-4e80-99c7-f1936afc7b49,Apple,66
479,317c70d5-fe65-4663-afb1-150108e0e55c,Microsoft,76
480,acfcd174-178c-4af3-8118-5be702fb80cf,Google,65
481,953cb190-5704-4926-adc2-057c6f3e3cb4,Microsoft,95
482,a81378a5-58de-4631-b2b1-3eca765f68c6,Huawei,29
483,1d8dfb6a-330c-4eb9-a603-364f207c6e57,Samsung,18
484,26c9a1fc-78b0-460b-8931-cec1dc87aa0d,HTC,15
485,054b5d2a-7ee3-49c8-912a-1cf58389ae60,Microsoft,92
486,77a7b81e-96f7-4e5a-92c7-5b07f7333913,Samsung,2
487,04e52602-e370-4a99-bfda-f0c1655058da,Motorola,47
488,fdbaec82-bc98-47b8-8fe6-4aec7524e8e3,Huawei,3
489,84bd5adb-286c-429a-926d-4ea120270825,HTC,46
490,b7fb2028-4cfc-440b-a1b1-4101f12f7abe,Motorola,19
491,07061727-dc05-4411-ab78-79f95b1869a9,Huawei,81
492,5b3b843e-7c66-4eac-82b6-8d6f7a19277c,Huawei,46
493,d0ea9a00-4ea9-4c81-b16a-a20b72f824ea,Apple,8
494,7246fed1-8725-4dbb-bccd-5451346f122d,Apple,74
495,1f7e22c8-558a-4b6f-a04f-b219593f029e,Motorola,59
496,0d47a133-383b-4a9c-976c-697ac65ccb19,Samsung,23
497,db0066e1-83cc-43f3-990b-983010aa5370,Microsoft,35
498,d6204684-926d-41db-ae9c-a7bf2e76313a,Motorola,99
499,07f4dcd0-2bf3-4f21-9da3-b054b511ae00,Samsung,91
